Landroid/os/HandlerThread;,<init>,(Ljava/lang/String;)V
Landroid/content/IntentFilter;,<init>,()V
Landroid/os/HandlerThread;,start,()V
Landroid/os/HandlerThread;,getLooper,()Landroid/os/Looper;
Landroid/content/BroadcastReceiver;,<init>,()V
Landroid/content/IntentFilter;,hasAction,(Ljava/lang/String;)Z
Landroid/content/IntentFilter;,dump,(Landroid/util/Printer; Ljava/lang/String;)V
Landroid/util/StringBuilderPrinter;,<init>,(Ljava/lang/StringBuilder;)V
Landroid/os/Handler;,obtainMessage,()Landroid/os/Message;
Landroid/os/Handler;,<init>,(Landroid/os/Looper;)V
Landroid/os/Handler;,sendMessageDelayed,(Landroid/os/Message; J)Z
Landroid/content/IntentFilter;,addAction,(Ljava/lang/String;)V
Landroid/util/Log;,w,(Ljava/lang/String; Ljava/lang/String; Ljava/lang/Throwable;)I
Landroid/util/Log;,isLoggable,(Ljava/lang/String; I)Z
Landroid/os/StrictMode;,allowThreadDiskReads,()Landroid/os/StrictMode$ThreadPolicy;
Landroid/os/StrictMode;,setThreadPolicy,(Landroid/os/StrictMode$ThreadPolicy;)V
Landroid/os/Process;,myPid,()I
Landroid/content/Context;,getResources,()Landroid/content/res/Resources;
Landroid/content/Context;,getColor,(I)I
Landroid/content/res/Resources;,getColor,(I)I
Landroid/util/Log;,e,(Ljava/lang/String; Ljava/lang/String; Ljava/lang/Throwable;)I
Landroid/os/Looper;,getMainLooper,()Landroid/os/Looper;
Landroid/os/Handler;,post,(Ljava/lang/Runnable;)Z
Landroid/os/Looper;,getThread,()Ljava/lang/Thread;
Landroid/os/PowerManager$WakeLock;,isHeld,()Z
Landroid/os/PowerManager$WakeLock;,release,()V
Landroid/os/Handler;,removeCallbacks,(Ljava/lang/Runnable;)V
Landroid/content/Intent;,getAction,()Ljava/lang/String;
Landroid/telecom/CallScreeningService$CallResponse$Builder;,build,()Landroid/telecom/CallScreeningService$CallResponse;
Landroid/telecom/CallScreeningService$CallResponse$Builder;,<init>,()V
Landroid/telecom/Call$Details;,getHandle,()Landroid/net/Uri;
Landroid/telecom/CallScreeningService$CallResponse$Builder;,setSkipNotification,(Z)Landroid/telecom/CallScreeningService$CallResponse$Builder;
Landroid/telephony/PhoneStateListener;,<init>,()V
Landroid/util/Pair;,<init>,(Ljava/lang/Object; Ljava/lang/Object;)V
Landroid/net/Uri$Builder;,appendPath,(Ljava/lang/String;)Landroid/net/Uri$Builder;
Landroid/net/Uri;,buildUpon,()Landroid/net/Uri$Builder;
Landroid/database/Cursor;,moveToNext,()Z
Landroid/database/Cursor;,close,()V
Landroid/telecom/CallScreeningService$CallResponse$Builder;,setRejectCall,(Z)Landroid/telecom/CallScreeningService$CallResponse$Builder;
Landroid/telecom/Call;,getState,()I
Landroid/telecom/Call;,disconnect,()V
Landroid/telecom/Call$Details;,getGatewayInfo,()Landroid/telecom/GatewayInfo;
Landroid/telecom/GatewayInfo;,getOriginalAddress,()Landroid/net/Uri;
Landroid/telecom/Call;,getDetails,()Landroid/telecom/Call$Details;
Landroid/net/Uri;,getSchemeSpecificPart,()Ljava/lang/String;
Landroid/telecom/Call;,getChildren,()Ljava/util/List;
Landroid/telecom/Call;,reject,(Z Ljava/lang/String;)V
Landroid/media/AudioManager;,getStreamVolume,(I)I
Landroid/media/AudioManager;,setStreamVolume,(I I I)V
Landroid/media/AudioManager;,getRingerMode,()I
Landroid/media/AudioManager;,setRingerMode,(I)V
Landroid/telecom/CallScreeningService$CallResponse$Builder;,setDisallowCall,(Z)Landroid/telecom/CallScreeningService$CallResponse$Builder;
Landroid/telecom/Call$Callback;,onStateChanged,(Landroid/telecom/Call; I)V
Landroid/telecom/Call$Details;,getVideoState,()I
Landroid/telecom/Call;,registerCallback,(Landroid/telecom/Call$Callback;)V
Landroid/telecom/Call$Callback;,<init>,()V
Landroid/telecom/TelecomManager;,getDefaultDialerPackage,()Ljava/lang/String;
Landroid/content/BroadcastReceiver;,onReceive,(Landroid/content/Context; Landroid/content/Intent;)V
Landroid/telecom/Call$Details;,hasProperty,(I)Z
Landroid/view/WindowManager;,getDefaultDisplay,()Landroid/view/Display;
Landroid/view/Display;,getState,()I
Landroid/os/PowerManager;,isInteractive,()Z
Landroid/content/Intent;,getStringExtra,(Ljava/lang/String;)Ljava/lang/String;
Landroid/os/Bundle;,<init>,()V
Landroid/os/Bundle;,getString,(Ljava/lang/String;)Ljava/lang/String;
Landroid/content/Intent;,getExtras,()Landroid/os/Bundle;
Landroid/content/Intent$ShortcutIconResource;,fromContext,(Landroid/content/Context; I)Landroid/content/Intent$ShortcutIconResource;
Landroid/content/Intent;,<init>,()V
Landroid/content/Intent;,putExtra,(Ljava/lang/String; Z)Landroid/content/Intent;
Landroid/content/Intent;,putExtra,(Ljava/lang/String; Landroid/os/Parcelable;)Landroid/content/Intent;
Landroid/content/Intent;,addFlags,(I)Landroid/content/Intent;
Landroid/content/Intent;,putExtra,(Ljava/lang/String; Ljava/lang/String;)Landroid/content/Intent;
Landroid/content/Context;,sendOrderedBroadcast,(Landroid/content/Intent; Ljava/lang/String;)V
Landroid/content/Intent;,setAction,(Ljava/lang/String;)Landroid/content/Intent;
Landroid/content/Intent;,<init>,(Landroid/content/Context; Ljava/lang/Class;)V
Landroid/content/Intent;,putExtra,(Ljava/lang/String; I)Landroid/content/Intent;
Landroid/content/res/Resources;,getConfiguration,()Landroid/content/res/Configuration;
Landroid/graphics/Bitmap;,getHeight,()I
Landroid/content/res/Resources;,getDimensionPixelSize,(I)I
Landroid/graphics/Bitmap;,getWidth,()I
Landroid/graphics/Bitmap;,createScaledBitmap,(Landroid/graphics/Bitmap; I I Z)Landroid/graphics/Bitmap;
Landroid/telephony/TelephonyManager;,getVoiceMailNumber,()Ljava/lang/String;
Landroid/content/Intent;,setFlags,(I)Landroid/content/Intent;
Landroid/app/PendingIntent;,getActivity,(Landroid/content/Context; I Landroid/content/Intent; I)Landroid/app/PendingIntent;
Landroid/content/Intent;,putExtra,(Ljava/lang/String; Ljava/io/Serializable;)Landroid/content/Intent;
Landroid/content/Intent;,putExtra,(Ljava/lang/String; J)Landroid/content/Intent;
Landroid/webkit/WebViewClient;,<init>,()V
Landroid/app/Notification;,<init>,()V
Landroid/os/Handler;,sendMessage,(Landroid/os/Message;)Z
Landroid/os/Handler;,obtainMessage,(I Ljava/lang/Object;)Landroid/os/Message;
Landroid/os/HandlerThread;,<init>,(Ljava/lang/String; I)V
Landroid/content/Context;,getPackageManager,()Landroid/content/pm/PackageManager;
Landroid/util/SparseIntArray;,<init>,()V
Landroid/os/Handler;,obtainMessage,(I)Landroid/os/Message;
Landroid/os/Handler;,<init>,(Landroid/os/Looper; Landroid/os/Handler$Callback;)V
Landroid/content/pm/PackageManager;,hasSystemFeature,(Ljava/lang/String;)Z
Landroid/content/Context;,getApplicationContext,()Landroid/content/Context;
Landroid/app/Notification;,getGroup,()Ljava/lang/String;
Landroid/app/Notification$Builder;,setExtras,(Landroid/os/Bundle;)Landroid/app/Notification$Builder;
Landroid/app/Notification$Builder;,build,()Landroid/app/Notification;
Landroid/os/Bundle;,putSparseParcelableArray,(Ljava/lang/String; Landroid/util/SparseArray;)V
Landroid/util/Log;,e,(Ljava/lang/String; Ljava/lang/String;)I
Landroid/app/Notification$Builder;,getNotification,()Landroid/app/Notification;
Landroid/os/Bundle;,<init>,(Landroid/os/Bundle;)V
Landroid/app/Notification$BubbleMetadata$Builder;,setAutoExpandBubble,(Z)Landroid/app/Notification$BubbleMetadata$Builder;
Landroid/app/Notification$BubbleMetadata$Builder;,setIntent,(Landroid/app/PendingIntent;)Landroid/app/Notification$BubbleMetadata$Builder;
Landroid/os/Bundle;,putBundle,(Ljava/lang/String; Landroid/os/Bundle;)V
Landroid/graphics/drawable/Icon;,createWithBitmap,(Landroid/graphics/Bitmap;)Landroid/graphics/drawable/Icon;
Landroid/graphics/drawable/Icon;,setTintList,(Landroid/content/res/ColorStateList;)Landroid/graphics/drawable/Icon;
Landroid/graphics/Canvas;,drawCircle,(F F F Landroid/graphics/Paint;)V
Landroid/graphics/Paint;,<init>,(I)V
Landroid/graphics/Matrix;,<init>,()V
Landroid/graphics/Paint;,setColor,(I)V
Landroid/graphics/Canvas;,<init>,(Landroid/graphics/Bitmap;)V
Landroid/graphics/Matrix;,setTranslate,(F F)V
Landroid/graphics/BitmapShader;,<init>,(Landroid/graphics/Bitmap; Landroid/graphics/Shader$TileMode; Landroid/graphics/Shader$TileMode;)V
Landroid/graphics/Bitmap;,createBitmap,(I I Landroid/graphics/Bitmap$Config;)Landroid/graphics/Bitmap;
Landroid/graphics/Canvas;,setBitmap,(Landroid/graphics/Bitmap;)V
Landroid/graphics/Paint;,setShader,(Landroid/graphics/Shader;)Landroid/graphics/Shader;
Landroid/graphics/BitmapShader;,setLocalMatrix,(Landroid/graphics/Matrix;)V
Landroid/graphics/drawable/Icon;,setTintMode,(Landroid/graphics/PorterDuff$Mode;)Landroid/graphics/drawable/Icon;
Landroid/graphics/drawable/Icon;,createWithContentUri,(Ljava/lang/String;)Landroid/graphics/drawable/Icon;
Landroid/graphics/drawable/Icon;,createWithData,([B I I)Landroid/graphics/drawable/Icon;
Landroid/graphics/drawable/Icon;,getResPackage,()Ljava/lang/String;
Landroid/graphics/drawable/Icon;,createWithAdaptiveBitmap,(Landroid/graphics/Bitmap;)Landroid/graphics/drawable/Icon;
Landroid/graphics/drawable/Icon;,createWithResource,(Ljava/lang/String; I)Landroid/graphics/drawable/Icon;
Landroid/net/Uri;,parse,(Ljava/lang/String;)Landroid/net/Uri;
Landroid/graphics/drawable/Icon;,getUri,()Landroid/net/Uri;
Landroid/app/Notification$Builder;,setRemoteInputHistory,([Ljava/lang/CharSequence;)Landroid/app/Notification$Builder;
Landroid/app/Notification$Builder;,setCategory,(Ljava/lang/String;)Landroid/app/Notification$Builder;
Landroid/app/Notification$Builder;,setBubbleMetadata,(Landroid/app/Notification$BubbleMetadata;)Landroid/app/Notification$Builder;
Landroid/app/Notification$Builder;,setTimeoutAfter,(J)Landroid/app/Notification$Builder;
Landroid/app/Notification$Builder;,setAutoCancel,(Z)Landroid/app/Notification$Builder;
Landroid/app/Notification$Builder;,setVibrate,([J)Landroid/app/Notification$Builder;
Landroid/app/Notification$Builder;,setDefaults,(I)Landroid/app/Notification$Builder;
Landroid/text/TextUtils;,isEmpty,(Ljava/lang/CharSequence;)Z
Landroid/app/Notification$BubbleMetadata$Builder;,setDesiredHeightResId,(I)Landroid/app/Notification$BubbleMetadata$Builder;
Landroid/app/Notification$Builder;,setContentTitle,(Ljava/lang/CharSequence;)Landroid/app/Notification$Builder;
Landroid/app/Notification$Builder;,setDeleteIntent,(Landroid/app/PendingIntent;)Landroid/app/Notification$Builder;
Landroid/app/Notification$Builder;,setUsesChronometer,(Z)Landroid/app/Notification$Builder;
Landroid/app/Notification$Builder;,setSubText,(Ljava/lang/CharSequence;)Landroid/app/Notification$Builder;
Landroid/app/Notification$BubbleMetadata$Builder;,build,()Landroid/app/Notification$BubbleMetadata;
Landroid/app/Notification$Builder;,setOnlyAlertOnce,(Z)Landroid/app/Notification$Builder;
Landroid/app/Notification$BubbleMetadata$Builder;,setIcon,(Landroid/graphics/drawable/Icon;)Landroid/app/Notification$BubbleMetadata$Builder;
Landroid/app/Notification$Builder;,setSound,(Landroid/net/Uri;)Landroid/app/Notification$Builder;
Landroid/app/Notification$Builder;,<init>,(Landroid/content/Context; Ljava/lang/String;)V
Landroid/app/Notification$Builder;,setProgress,(I I Z)Landroid/app/Notification$Builder;
Landroid/app/Notification$Builder;,setGroup,(Ljava/lang/String;)Landroid/app/Notification$Builder;
Landroid/app/Notification$Builder;,setSound,(Landroid/net/Uri; I)Landroid/app/Notification$Builder;
Landroid/app/Notification$Builder;,setShortcutId,(Ljava/lang/String;)Landroid/app/Notification$Builder;
Landroid/app/Notification$Builder;,setGroupAlertBehavior,(I)Landroid/app/Notification$Builder;
Landroid/os/Bundle;,putBoolean,(Ljava/lang/String; Z)V
Landroid/app/Notification$Builder;,setSound,(Landroid/net/Uri; Landroid/media/AudioAttributes;)Landroid/app/Notification$Builder;
Landroid/app/Notification$Builder;,setLocalOnly,(Z)Landroid/app/Notification$Builder;
Landroid/app/Notification$Action$Builder;,build,()Landroid/app/Notification$Action;
Landroid/os/Bundle;,putInt,(Ljava/lang/String; I)V
Landroid/app/Notification$Action$Builder;,setAllowGeneratedReplies,(Z)Landroid/app/Notification$Action$Builder;
Landroid/app/Notification$Action$Builder;,setSemanticAction,(I)Landroid/app/Notification$Action$Builder;
Landroid/app/Notification$Action$Builder;,addRemoteInput,(Landroid/app/RemoteInput;)Landroid/app/Notification$Action$Builder;
Landroid/app/Notification$Action$Builder;,<init>,(I Ljava/lang/CharSequence; Landroid/app/PendingIntent;)V
Landroid/app/Notification$Action$Builder;,setContextual,(Z)Landroid/app/Notification$Action$Builder;
Landroid/app/RemoteInput$Builder;,setChoices,([Ljava/lang/CharSequence;)Landroid/app/RemoteInput$Builder;
Landroid/app/RemoteInput$Builder;,setAllowFreeFormInput,(Z)Landroid/app/RemoteInput$Builder;
Landroid/app/RemoteInput$Builder;,build,()Landroid/app/RemoteInput;
Landroid/app/RemoteInput$Builder;,addExtras,(Landroid/os/Bundle;)Landroid/app/RemoteInput$Builder;
Landroid/app/RemoteInput$Builder;,setLabel,(Ljava/lang/CharSequence;)Landroid/app/RemoteInput$Builder;
Landroid/app/RemoteInput$Builder;,setEditChoicesBeforeSending,(I)Landroid/app/RemoteInput$Builder;
Landroid/app/RemoteInput$Builder;,<init>,(Ljava/lang/String;)V
Landroid/app/Notification$Action$Builder;,<init>,(Landroid/graphics/drawable/Icon; Ljava/lang/CharSequence; Landroid/app/PendingIntent;)V
Landroid/app/Notification$Action$Builder;,addExtras,(Landroid/os/Bundle;)Landroid/app/Notification$Action$Builder;
Landroid/app/Notification$Builder;,addAction,(Landroid/app/Notification$Action;)Landroid/app/Notification$Builder;
Landroid/os/Bundle;,putCharSequenceArray,(Ljava/lang/String; [Ljava/lang/CharSequence;)V
Landroid/os/Bundle;,putCharSequence,(Ljava/lang/String; Ljava/lang/CharSequence;)V
Landroid/os/Bundle;,putString,(Ljava/lang/String; Ljava/lang/String;)V
Landroid/os/Bundle;,putStringArrayList,(Ljava/lang/String; Ljava/util/ArrayList;)V
Landroid/app/Notification$Builder;,addAction,(I Ljava/lang/CharSequence; Landroid/app/PendingIntent;)Landroid/app/Notification$Builder;
Landroid/graphics/drawable/Icon;,getResId,()I
Landroid/os/Bundle;,putParcelableArray,(Ljava/lang/String; [Landroid/os/Parcelable;)V
Landroid/os/Bundle;,putParcelable,(Ljava/lang/String; Landroid/os/Parcelable;)V
Landroid/app/Notification$Builder;,setLights,(I I I)Landroid/app/Notification$Builder;
Landroid/os/Bundle;,putStringArray,(Ljava/lang/String; [Ljava/lang/String;)V
Landroid/app/Notification$BubbleMetadata$Builder;,setSuppressNotification,(Z)Landroid/app/Notification$BubbleMetadata$Builder;
Landroid/app/Notification$Builder;,setVisibility,(I)Landroid/app/Notification$Builder;
Landroid/app/Notification$Builder;,setGroupSummary,(Z)Landroid/app/Notification$Builder;
Landroid/app/Notification$Builder;,setNumber,(I)Landroid/app/Notification$Builder;
Landroid/app/Notification$Builder;,setBadgeIconType,(I)Landroid/app/Notification$Builder;
Landroid/app/Notification$Builder;,setColorized,(Z)Landroid/app/Notification$Builder;
Landroid/app/Notification$Builder;,setAllowSystemGeneratedContextualActions,(Z)Landroid/app/Notification$Builder;
Landroid/app/Notification$Builder;,setCustomHeadsUpContentView,(Landroid/widget/RemoteViews;)Landroid/app/Notification$Builder;
Landroid/app/Notification$Builder;,setContentIntent,(Landroid/app/PendingIntent;)Landroid/app/Notification$Builder;
Landroid/app/Notification$Builder;,setContent,(Landroid/widget/RemoteViews;)Landroid/app/Notification$Builder;
Landroid/app/Notification$Builder;,setFullScreenIntent,(Landroid/app/PendingIntent; Z)Landroid/app/Notification$Builder;
Landroid/os/Bundle;,getBundle,(Ljava/lang/String;)Landroid/os/Bundle;
Landroid/app/Notification$Builder;,<init>,(Landroid/content/Context;)V
Landroid/app/Notification$Builder;,addPerson,(Ljava/lang/String;)Landroid/app/Notification$Builder;
Landroid/app/Notification$Builder;,setWhen,(J)Landroid/app/Notification$Builder;
Landroid/os/Bundle;,putAll,(Landroid/os/Bundle;)V
Landroid/app/Notification$Builder;,setOngoing,(Z)Landroid/app/Notification$Builder;
Landroid/app/Notification$Builder;,setCustomBigContentView,(Landroid/widget/RemoteViews;)Landroid/app/Notification$Builder;
Landroid/app/Notification$Builder;,setColor,(I)Landroid/app/Notification$Builder;
Landroid/app/Notification$Builder;,setLargeIcon,(Landroid/graphics/Bitmap;)Landroid/app/Notification$Builder;
Landroid/app/Notification$Builder;,setSortKey,(Ljava/lang/String;)Landroid/app/Notification$Builder;
Landroid/app/Notification$Builder;,setContentText,(Ljava/lang/CharSequence;)Landroid/app/Notification$Builder;
Landroid/app/Notification$Builder;,setSmallIcon,(I I)Landroid/app/Notification$Builder;
Landroid/app/Notification$Builder;,setShowWhen,(Z)Landroid/app/Notification$Builder;
Landroid/app/Notification$Builder;,setCustomContentView,(Landroid/widget/RemoteViews;)Landroid/app/Notification$Builder;
Landroid/app/Notification$BubbleMetadata$Builder;,setDesiredHeight,(I)Landroid/app/Notification$BubbleMetadata$Builder;
Landroid/app/Notification$BubbleMetadata$Builder;,<init>,()V
Landroid/app/Notification$Builder;,setPriority,(I)Landroid/app/Notification$Builder;
Landroid/app/Notification$Builder;,setContentInfo,(Ljava/lang/CharSequence;)Landroid/app/Notification$Builder;
Landroid/app/Notification$Builder;,setTicker,(Ljava/lang/CharSequence; Landroid/widget/RemoteViews;)Landroid/app/Notification$Builder;
Landroid/app/Notification$Builder;,setPublicVersion,(Landroid/app/Notification;)Landroid/app/Notification$Builder;
Landroid/app/Notification$BubbleMetadata$Builder;,setDeleteIntent,(Landroid/app/PendingIntent;)Landroid/app/Notification$BubbleMetadata$Builder;
Landroid/util/SparseArray;,<init>,()V
Landroid/util/SparseArray;,put,(I Ljava/lang/Object;)V
Landroid/os/Bundle;,containsKey,(Ljava/lang/String;)Z
Landroid/os/Bundle;,remove,(Ljava/lang/String;)V
Landroid/os/Bundle;,keySet,()Ljava/util/Set;
Landroid/app/NotificationManager;,notify,(I Landroid/app/Notification;)V
Landroid/app/NotificationChannelGroup;,getId,()Ljava/lang/String;
Landroid/app/NotificationChannel;,<init>,(Ljava/lang/String; Ljava/lang/CharSequence; I)V
Landroid/app/NotificationChannel;,setName,(Ljava/lang/CharSequence;)V
Landroid/app/NotificationChannel;,getId,()Ljava/lang/String;
Landroid/app/NotificationManager;,deleteNotificationChannel,(Ljava/lang/String;)V
Landroid/app/NotificationChannelGroup;,<init>,(Ljava/lang/String; Ljava/lang/CharSequence;)V
Landroid/app/NotificationChannel;,setShowBadge,(Z)V
Landroid/app/NotificationManager;,getNotificationChannels,()Ljava/util/List;
Landroid/app/NotificationManager;,createNotificationChannelGroup,(Landroid/app/NotificationChannelGroup;)V
Landroid/media/AudioAttributes$Builder;,<init>,()V
Landroid/media/AudioAttributes$Builder;,build,()Landroid/media/AudioAttributes;
Landroid/app/NotificationChannel;,setSound,(Landroid/net/Uri; Landroid/media/AudioAttributes;)V
Landroid/app/NotificationManager;,getNotificationChannelGroups,()Ljava/util/List;
Landroid/app/NotificationManager;,createNotificationChannel,(Landroid/app/NotificationChannel;)V
Landroid/app/NotificationManager;,deleteNotificationChannelGroup,(Ljava/lang/String;)V
Landroid/app/NotificationChannel;,setGroup,(Ljava/lang/String;)V
Landroid/media/AudioAttributes$Builder;,setUsage,(I)Landroid/media/AudioAttributes$Builder;
Landroid/app/NotificationManager;,getNotificationChannel,(Ljava/lang/String;)Landroid/app/NotificationChannel;
Landroid/os/Bundle;,getLong,(Ljava/lang/String;)J
Landroid/content/Context;,getPackageName,()Ljava/lang/String;
Landroid/content/pm/PackageManager;,getApplicationInfo,(Ljava/lang/String; I)Landroid/content/pm/ApplicationInfo;
Landroid/os/Bundle;,get,(Ljava/lang/String;)Ljava/lang/Object;
Landroid/graphics/Bitmap$Config;,values,()[Landroid/graphics/Bitmap$Config;
Landroid/app/ActivityManager;,getMemoryClass,()I
Landroid/text/format/Formatter;,formatFileSize,(Landroid/content/Context; J)Ljava/lang/String;
Landroid/app/ActivityManager;,isLowRamDevice,()Z
Landroid/content/Context;,registerComponentCallbacks,(Landroid/content/ComponentCallbacks;)V
Landroid/content/res/Resources;,getDisplayMetrics,()Landroid/util/DisplayMetrics;
Landroid/content/Context;,getSystemService,(Ljava/lang/String;)Ljava/lang/Object;
Landroid/content/ContextWrapper;,<init>,(Landroid/content/Context;)V
Landroid/content/Context;,getContentResolver,()Landroid/content/ContentResolver;
Landroid/content/Context;,getAssets,()Landroid/content/res/AssetManager;
Landroid/util/Log;,w,(Ljava/lang/String; Ljava/lang/String;)I
Landroid/content/ContextWrapper;,getBaseContext,()Landroid/content/Context;
Landroid/app/Activity;,isDestroyed,()Z
Landroid/app/Activity;,isFinishing,()Z
Landroid/app/Activity;,getApplicationContext,()Landroid/content/Context;
Landroid/content/Context;,getClassLoader,()Ljava/lang/ClassLoader;
Landroid/os/Message;,sendToTarget,()V
Landroid/os/Looper;,myLooper,()Landroid/os/Looper;
Landroid/app/Activity;,getFragmentManager,()Landroid/app/FragmentManager;
Landroid/app/Fragment;,getActivity,()Landroid/app/Activity;
Landroid/app/FragmentTransaction;,add,(Landroid/app/Fragment; Ljava/lang/String;)Landroid/app/FragmentTransaction;
Landroid/app/Fragment;,<init>,()V
Landroid/app/FragmentTransaction;,commitAllowingStateLoss,()I
Landroid/app/FragmentManager;,beginTransaction,()Landroid/app/FragmentTransaction;
Landroid/app/FragmentManager;,findFragmentByTag,(Ljava/lang/String;)Landroid/app/Fragment;
Landroid/content/res/Resources;,getIdentifier,(Ljava/lang/String; Ljava/lang/String; Ljava/lang/String;)I
Landroid/util/TypedValue;,applyDimension,(I F Landroid/util/DisplayMetrics;)F
Landroid/graphics/PorterDuff$Mode;,name,()Ljava/lang/String;
Landroid/content/Context;,getSharedPreferences,(Ljava/lang/String; I)Landroid/content/SharedPreferences;
Landroid/content/SharedPreferences$Editor;,putString,(Ljava/lang/String; Ljava/lang/String;)Landroid/content/SharedPreferences$Editor;
Landroid/content/SharedPreferences;,getString,(Ljava/lang/String; Ljava/lang/String;)Ljava/lang/String;
Landroid/content/Context;,getCacheDir,()Ljava/io/File;
Landroid/os/Bundle;,getBoolean,(Ljava/lang/String; Z)Z
Landroid/content/SharedPreferences;,edit,()Landroid/content/SharedPreferences$Editor;
Landroid/content/SharedPreferences$Editor;,putInt,(Ljava/lang/String; I)Landroid/content/SharedPreferences$Editor;
Landroid/util/Log;,println,(I Ljava/lang/String; Ljava/lang/String;)I
Landroid/content/Context;,getApplicationInfo,()Landroid/content/pm/ApplicationInfo;
Landroid/content/pm/PackageManager;,getPackageInfo,(Ljava/lang/String; I)Landroid/content/pm/PackageInfo;
Landroid/content/pm/Signature;,toByteArray,()[B
Landroid/content/Intent;,setPackage,(Ljava/lang/String;)Landroid/content/Intent;
Landroid/content/pm/PackageManager;,resolveService,(Landroid/content/Intent; I)Landroid/content/pm/ResolveInfo;
Landroid/content/Intent;,<init>,(Ljava/lang/String;)V
Landroid/content/SharedPreferences;,getBoolean,(Ljava/lang/String; Z)Z
Landroid/text/TextUtils;,join,(Ljava/lang/CharSequence; [Ljava/lang/Object;)Ljava/lang/String;
Landroid/os/Bundle;,getInt,(Ljava/lang/String;)I
Landroid/content/SharedPreferences;,getInt,(Ljava/lang/String; I)I
Landroid/content/Context;,getMainLooper,()Landroid/os/Looper;
Landroid/content/SharedPreferences$Editor;,commit,()Z
Landroid/content/SharedPreferences$Editor;,apply,()V
Landroid/graphics/PorterDuffColorFilter;,<init>,(I Landroid/graphics/PorterDuff$Mode;)V
Landroid/content/res/Resources;,getInteger,(I)I
Landroid/content/res/Resources;,getString,(I)Ljava/lang/String;
Landroid/content/res/Resources;,getResourcePackageName,(I)Ljava/lang/String;
Landroid/app/PendingIntent;,getService,(Landroid/content/Context; I Landroid/content/Intent; I)Landroid/app/PendingIntent;
Landroid/app/KeyguardManager$KeyguardLock;,disableKeyguard,()V
Landroid/app/KeyguardManager;,newKeyguardLock,(Ljava/lang/String;)Landroid/app/KeyguardManager$KeyguardLock;
Landroid/content/Intent;,getSerializableExtra,(Ljava/lang/String;)Ljava/io/Serializable;
Landroid/content/Intent;,hasExtra,(Ljava/lang/String;)Z
Landroid/content/Intent;,getLongExtra,(Ljava/lang/String; J)J
Landroid/content/Intent;,getBooleanExtra,(Ljava/lang/String; Z)Z
Landroid/telephony/TelephonyManager;,getCallState,()I
Landroid/app/Activity;,overridePendingTransition,(I I)V
Landroid/content/Context;,startActivity,(Landroid/content/Intent;)V
Landroid/content/Intent;,getDataString,()Ljava/lang/String;
Landroid/os/Bundle;,getBoolean,(Ljava/lang/String;)Z
Landroid/os/Handler;,postDelayed,(Ljava/lang/Runnable; J)Z
Landroid/os/PowerManager;,newWakeLock,(I Ljava/lang/String;)Landroid/os/PowerManager$WakeLock;
Landroid/os/PowerManager$WakeLock;,acquire,(J)V
Landroid/app/KeyguardManager;,inKeyguardRestrictedInputMode,()Z
Landroid/content/ComponentName;,<init>,(Landroid/content/Context; Ljava/lang/Class;)V
Landroid/content/Context;,startService,(Landroid/content/Intent;)Landroid/content/ComponentName;
Landroid/content/Intent;,setComponent,(Landroid/content/ComponentName;)Landroid/content/Intent;
Landroid/os/Bundle;,getInt,(Ljava/lang/String; I)I
Landroid/os/Bundle;,getSerializable,(Ljava/lang/String;)Ljava/io/Serializable;
Landroid/media/AudioManager;,getMode,()I
Landroid/telephony/PhoneNumberUtils;,compare,(Ljava/lang/String; Ljava/lang/String;)Z
Landroid/speech/tts/TextToSpeech;,shutdown,()V
Landroid/speech/tts/TextToSpeech;,stop,()I
Landroid/net/ConnectivityManager$NetworkCallback;,<init>,()V
Landroid/content/pm/PackageManager;,setComponentEnabledSetting,(Landroid/content/ComponentName; I I)V
Landroid/content/ComponentName;,<init>,(Landroid/content/Context; Ljava/lang/String;)V
Landroid/content/Context;,isDeviceProtectedStorage,()Z
Landroid/os/Binder;,<init>,()V
Landroid/content/Context;,bindService,(Landroid/content/Intent; Landroid/content/ServiceConnection; I)Z
Landroid/content/res/Resources;,getBoolean,(I)Z
Landroid/app/KeyguardManager;,isKeyguardLocked,()Z
Landroid/content/Context;,unregisterReceiver,(Landroid/content/BroadcastReceiver;)V
Landroid/os/Handler;,removeCallbacksAndMessages,(Ljava/lang/Object;)V
Landroid/os/HandlerThread;,quit,()Z
Landroid/database/SQLException;,getMessage,()Ljava/lang/String;
Landroid/text/format/DateUtils;,isToday,(J)Z
Landroid/database/Cursor;,getInt,(I)I
Landroid/database/Cursor;,getColumnIndex,(Ljava/lang/String;)I
Landroid/database/Cursor;,getString,(I)Ljava/lang/String;
Landroid/database/Cursor;,getLong,(I)J
Landroid/telecom/PhoneAccountHandle;,<init>,(Landroid/content/ComponentName; Ljava/lang/String;)V
Landroid/content/ComponentName;,unflattenFromString,(Ljava/lang/String;)Landroid/content/ComponentName;
Landroid/telephony/SubscriptionInfo;,getIccId,()Ljava/lang/String;
Landroid/telecom/PhoneAccountHandle;,getId,()Ljava/lang/String;
Landroid/app/a;,<init>,(Landroid/app/KeyguardManager;)V
Landroid/app/KeyguardManager;,<init>,()V
Landroid/telephony/SubscriptionInfo;,getSubscriptionId,()I
Landroid/database/Cursor;,isBeforeFirst,()Z
Landroid/database/Cursor;,moveToPrevious,()Z
Landroid/database/Cursor;,moveToLast,()Z
Landroid/app/KeyguardManager$KeyguardLock;,reenableKeyguard,()V
Landroid/telecom/InCallService;,setAudioRoute,(I)V
Landroid/telecom/CallAudioState;,audioRouteToString,(I)Ljava/lang/String;
Landroid/media/AudioManager;,setSpeakerphoneOn,(Z)V
Landroid/content/ComponentName;,getClassName,()Ljava/lang/String;
Landroid/os/PowerManager$WakeLock;,setReferenceCounted,(Z)V
Landroid/app/job/JobInfo$Builder;,setOverrideDeadline,(J)Landroid/app/job/JobInfo$Builder;
Landroid/app/job/JobInfo$Builder;,<init>,(I Landroid/content/ComponentName;)V
Landroid/app/job/JobInfo$Builder;,build,()Landroid/app/job/JobInfo;
