Lcom/hiya/client/callerid/ui/CallEventReceiver;,onReceive,(Landroid/content/Context; Landroid/content/Intent;)V
Lcom/hiya/client/callerid/ui/service/InCallActionsBroadcastReceiver;,onReceive,(Landroid/content/Context; Landroid/content/Intent;)V
Lcom/hiya/client/callerid/ui/service/OurCallScreeningService;,onScreenCall,(Landroid/telecom/Call$Details;)V
Lcom/hiya/client/callerid/ui/service/OurInCallService;,onCallAdded,(Landroid/telecom/Call;)V
Lcom/hiya/client/support/logging/HiyaConfigReceiver;,onReceive,(Landroid/content/Context; Landroid/content/Intent;)V
Lcom/hiya/stingray/notification/BlockedCallNotificationHandler;,onReceive,(Landroid/content/Context; Landroid/content/Intent;)V
Lcom/hiya/stingray/notification/FirstTimeIdentifiedCallNotificationHandler;,onReceive,(Landroid/content/Context; Landroid/content/Intent;)V
Lcom/hiya/stingray/notification/NotificationReceiver;,onReceive,(Landroid/content/Context; Landroid/content/Intent;)V
Lcom/hiya/stingray/notification/PostCallNotificationHandler;,onReceive,(Landroid/content/Context; Landroid/content/Intent;)V
Lcom/hiya/stingray/receiver/OnUpgradeReceiver;,onReceive,(Landroid/content/Context; Landroid/content/Intent;)V
Lcom/hiya/stingray/receiver/RCSEventReceiver;,onReceive,(Landroid/content/Context; Landroid/content/Intent;)V
Lcom/hiya/stingray/receiver/SmsEventReceiver;,onReceive,(Landroid/content/Context; Landroid/content/Intent;)V
Lcom/hiya/stingray/ui/call_screener/CallScreenerDialogActivity$a;,onReceive,(Landroid/content/Context; Landroid/content/Intent;)V
Lcom/hiya/client/callerid/ui/a0/c;,onStateChanged,(Landroid/telecom/Call; I)V
