Lcom/truecaller/insights/reminders/receiver/ReminderBootReceiver;,onReceive,(Landroid/content/Context; Landroid/content/Intent;)V
Lcom/truecaller/incallui/utils/notification/actionreceiver/NotificationActionReceiver;,onReceive,(Landroid/content/Context; Landroid/content/Intent;)V
Lcom/truecaller/insights/reminders/receiver/BillReminderReceiver;,onReceive,(Landroid/content/Context; Landroid/content/Intent;)V
Lcom/truecaller/insights/reminders/receiver/InsightsReminderActionReceiver;,onReceive,(Landroid/content/Context; Landroid/content/Intent;)V
Lcom/truecaller/incallui/service/InCallUIService;,onCallAdded,(Landroid/telecom/Call;)V
Lcom/truecaller/messaging/transport/im/ImUnreadRemindersBroadcastReceiver;,onReceive,(Landroid/content/Context; Landroid/content/Intent;)V
Lcom/truecaller/messaging/transport/mms/MmsStatusReceiver;,onReceive,(Landroid/content/Context; Landroid/content/Intent;)V
Lcom/truecaller/messaging/transport/mms/MmsWapPushDeliverReceiver;,onReceive,(Landroid/content/Context; Landroid/content/Intent;)V
Lcom/truecaller/messaging/transport/sms/SmsReceiver;,onReceive,(Landroid/content/Context; Landroid/content/Intent;)V
Lcom/truecaller/messaging/urgent/UrgentMessageKeyguardActivity$b;,onReceive,(Landroid/content/Context; Landroid/content/Intent;)V
Lcom/truecaller/messaging/urgent/service/UrgentMessageService$b;,onReceive,(Landroid/content/Context; Landroid/content/Intent;)V
Lcom/truecaller/notifications/AnalyticsNotificationReceiver;,onReceive,(Landroid/content/Context; Landroid/content/Intent;)V
Lcom/truecaller/notifications/MissedCallsNotificationActionReceiver;,onReceive,(Landroid/content/Context; Landroid/content/Intent;)V
Lcom/truecaller/presence/PresenceSchedulerReceiver;,onReceive,(Landroid/content/Context; Landroid/content/Intent;)V
Lcom/truecaller/sdk/push/SdkActionReceiver;,onReceive,(Landroid/content/Context; Landroid/content/Intent;)V
Lcom/truecaller/service/AccountsChangedReceiver;,onReceive,(Landroid/content/Context; Landroid/content/Intent;)V
Lcom/truecaller/service/AlarmReceiver;,onReceive,(Landroid/content/Context; Landroid/content/Intent;)V
Lcom/truecaller/service/BootReceiver;,onReceive,(Landroid/content/Context; Landroid/content/Intent;)V
Lcom/truecaller/service/Receiver;,onReceive,(Landroid/content/Context; Landroid/content/Intent;)V
Lcom/truecaller/stats/IntentChooserReceiver;,onReceive,(Landroid/content/Context; Landroid/content/Intent;)V
Lcom/truecaller/ui/TruecallerInit$b;,onReceive,(Landroid/content/Context; Landroid/content/Intent;)V
Lcom/truecaller/ui/TruecallerInit$c;,onReceive,(Landroid/content/Context; Landroid/content/Intent;)V
Lcom/truecaller/ui/TruecallerInit$d;,onReceive,(Landroid/content/Context; Landroid/content/Intent;)V
Lcom/truecaller/ui/TruecallerInit$e;,onReceive,(Landroid/content/Context; Landroid/content/Intent;)V
Lcom/truecaller/ui/settings/SettingsActivity$b;,onReceive,(Landroid/content/Context; Landroid/content/Intent;)V
Lcom/truecaller/util/CallMonitoringReceiver;,onReceive,(Landroid/content/Context; Landroid/content/Intent;)V
Lcom/truecaller/util/RingerModeChangedReceiver;,onReceive,(Landroid/content/Context; Landroid/content/Intent;)V
Lcom/truecaller/util/ScreenUnlockedBroadcastReceiver;,onReceive,(Landroid/content/Context; Landroid/content/Intent;)V
Lcom/truecaller/voip/contacts/ui/VoipContactsActivity$g;,onReceive,(Landroid/content/Context; Landroid/content/Intent;)V
Lcom/truecaller/voip/ui/VoipActivity$c;,onReceive,(Landroid/content/Context; Landroid/content/Intent;)V
Lcom/truecaller/voip/notification/missed/MissedVoipCallMessageBroadcast;,onReceive,(Landroid/content/Context; Landroid/content/Intent;)V
Lcom/truecaller/voip/callconnection/VoipCallConnectionService;,onCreateIncomingConnection,(Landroid/telecom/PhoneAccountHandle; Landroid/telecom/ConnectionRequest;)Landroid/telecom/Connection;
Lcom/truecaller/aftercall/AfterCallPromotionActivity$a;,onReceive,(Landroid/content/Context; Landroid/content/Intent;)V
Lcom/truecaller/calling/missedcallreminder/MissedCallReminderNotificationReceiver;,onReceive,(Landroid/content/Context; Landroid/content/Intent;)V
Lcom/truecaller/calling/notifications/CallingNotificationsBroadcastReceiver;,onReceive,(Landroid/content/Context; Landroid/content/Intent;)V
Lcom/truecaller/TrueApp$b;,onReceive,(Landroid/content/Context; Landroid/content/Intent;)V
Lcom/truecaller/analytics/InstallReferrerReceiver;,onReceive,(Landroid/content/Context; Landroid/content/Intent;)V
Lcom/truecaller/bizmon/AppUpdateReceiver;,onReceive,(Landroid/content/Context; Landroid/content/Intent;)V
Lcom/truecaller/call_alert/receive_notification/CallAlertDismissBroadcastReceiver;,onReceive,(Landroid/content/Context; Landroid/content/Intent;)V
Lcom/truecaller/call_alert/receive_notification/CallSilenceBroadcastReceiver;,onReceive,(Landroid/content/Context; Landroid/content/Intent;)V
Lcom/truecaller/callerid/callstate/CallStateService$b;,onCallStateChanged,(I Ljava/lang/String;)V
Lcom/truecaller/callerid/callstate/TruecallerCallScreeningService;,onScreenCall,(Landroid/telecom/Call$Details;)V
Lcom/truecaller/common/background/DelayedServiceBroadcastReceiver;,onReceive,(Landroid/content/Context; Landroid/content/Intent;)V
Lcom/truecaller/messaging/inboxcleanup/InboxCleanerBroadcastReceiver;,onReceive,(Landroid/content/Context; Landroid/content/Intent;)V
Lcom/truecaller/messaging/notifications/NotificationBroadcastReceiver;,onReceive,(Landroid/content/Context; Landroid/content/Intent;)V
Lcom/truecaller/messaging/notifications/ReactionBroadcastReceiver;,onReceive,(Landroid/content/Context; Landroid/content/Intent;)V
Lcom/truecaller/messaging/nudgetosend/MessageToNudgeBroadcastReceiver;,onReceive,(Landroid/content/Context; Landroid/content/Intent;)V
Lcom/truecaller/messaging/insights/SmartNotifBroadcastReceiver;,onReceive,(Landroid/content/Context; Landroid/content/Intent;)V
Lcom/truecaller/content/TruecallerContentProvider$a;,onReceive,(Landroid/content/Context; Landroid/content/Intent;)V
Lcom/truecaller/flashsdk/core/KidFlashService$a;,onReceive,(Landroid/content/Context; Landroid/content/Intent;)V
Lcom/truecaller/flashsdk/receiver/ActionReceiver;,onReceive,(Landroid/content/Context; Landroid/content/Intent;)V
Lcom/truecaller/flashsdk/receiver/PhoneStateReceiver;,onReceive,(Landroid/content/Context; Landroid/content/Intent;)V
Lcom/truecaller/flashsdk/ui/incoming/FlashActivity$d;,onReceive,(Landroid/content/Context; Landroid/content/Intent;)V
Lcom/truecaller/flashsdk/ui/incoming/FlashActivity$o;,onReceive,(Landroid/content/Context; Landroid/content/Intent;)V
Lcom/truecaller/flashsdk/ui/send/SendActivity$f;,onReceive,(Landroid/content/Context; Landroid/content/Intent;)V
Lcom/truecaller/flashsdk/ui/send/SendActivity$m;,onReceive,(Landroid/content/Context; Landroid/content/Intent;)V
Lcom/truecaller/ghost_call/GhostCallBroadcastReceiver;,onReceive,(Landroid/content/Context; Landroid/content/Intent;)V
