Lcom/kedlin/cca/core/CCAApplication$b;,onReceive,(Landroid/content/Context; Landroid/content/Intent;)V
Lcom/kedlin/cca/core/CallScreeningService;,onScreenCall,(Landroid/telecom/Call$Details;)V
Lcom/kedlin/cca/core/CallService$a;,onStateChanged,(Landroid/telecom/Call; I)V
Lcom/kedlin/cca/core/sync/ServerSync$SyncReceiver;,onReceive,(Landroid/content/Context; Landroid/content/Intent;)V
Lcom/kedlin/cca/receivers/ConnectivityChangeReceiver;,onReceive,(Landroid/content/Context; Landroid/content/Intent;)V
Lcom/kedlin/cca/receivers/EventReceiver;,onReceive,(Landroid/content/Context; Landroid/content/Intent;)V
Lcom/kedlin/cca/receivers/InstallReferrerReceiver;,onReceive,(Landroid/content/Context; Landroid/content/Intent;)V
Lcom/kedlin/cca/receivers/IntentToServiceTransportReceiver;,onReceive,(Landroid/content/Context; Landroid/content/Intent;)V
Lcom/kedlin/cca/receivers/MmsReceiver;,onReceive,(Landroid/content/Context; Landroid/content/Intent;)V
Lcom/kedlin/cca/receivers/NotificationBroadcastReceiver;,onReceive,(Landroid/content/Context; Landroid/content/Intent;)V
Lcom/kedlin/cca/receivers/ScreenLockReceiver;,onReceive,(Landroid/content/Context; Landroid/content/Intent;)V
Lcom/kedlin/cca/receivers/SmsReceiver;,onReceive,(Landroid/content/Context; Landroid/content/Intent;)V
Lcom/kedlin/cca/core/CallService;,onCallAdded,(Landroid/telecom/Call;)V
Lcom/flexaspect/android/everycallcontrol/ui/activities/MainActivity$a;,onReceive,(Landroid/content/Context; Landroid/content/Intent;)V
Lcom/flexaspect/android/everycallcontrol/ui/activities/missedcall/MissedCallActivity$a;,onReceive,(Landroid/content/Context; Landroid/content/Intent;)V
Lcom/flexaspect/android/everycallcontrol/ui/fragments/RecentActivityFragment$b;,onReceive,(Landroid/content/Context; Landroid/content/Intent;)V
Lcom/flexaspect/android/everycallcontrol/ui/fragments/dialpad/DialpadFragment$b;,onReceive,(Landroid/content/Context; Landroid/content/Intent;)V
