Lcom/allinone/callerid/callscreen/activitys/CallScreenPdtActivity$w;,onReceive,(Landroid/content/Context; Landroid/content/Intent;)V
Lcom/allinone/callerid/callscreen/activitys/ManageDiyActivity$f;,onReceive,(Landroid/content/Context; Landroid/content/Intent;)V
Lcom/allinone/callerid/callscreen/activitys/acceptcall/AcceptCallActivity$b;,onReceive,(Landroid/content/Context; Landroid/content/Intent;)V
Lcom/allinone/callerid/d/d/a$k;,onReceive,(Landroid/content/Context; Landroid/content/Intent;)V
Lcom/allinone/callerid/d/d/b$k;,onReceive,(Landroid/content/Context; Landroid/content/Intent;)V
Lcom/allinone/callerid/g/a$e;,onReceive,(Landroid/content/Context; Landroid/content/Intent;)V
Lcom/allinone/callerid/g/c$m;,onReceive,(Landroid/content/Context; Landroid/content/Intent;)V
Lcom/allinone/callerid/g/e$u;,onReceive,(Landroid/content/Context; Landroid/content/Intent;)V
Lcom/allinone/callerid/mvc/controller/MainActivity$j0;,onReceive,(Landroid/content/Context; Landroid/content/Intent;)V
Lcom/allinone/callerid/mvc/controller/contactpdt/UnknownContactActivity$o0;,onReceive,(Landroid/content/Context; Landroid/content/Intent;)V
Lcom/allinone/callerid/mvc/controller/contactslist/ContactsListActivity$n;,onReceive,(Landroid/content/Context; Landroid/content/Intent;)V
Lcom/allinone/callerid/mvc/controller/recorder/RecordListActivity$UpdateViewReceiver;,onReceive,(Landroid/content/Context; Landroid/content/Intent;)V
Lcom/allinone/callerid/mvc/controller/recorder/StrangerRecordFragment$UpdateViewReceiver;,onReceive,(Landroid/content/Context; Landroid/content/Intent;)V
Lcom/allinone/callerid/mvc/controller/report/a$c;,onReceive,(Landroid/content/Context; Landroid/content/Intent;)V
Lcom/allinone/callerid/receiver/BootBroadcastReceiver;,onReceive,(Landroid/content/Context; Landroid/content/Intent;)V
Lcom/allinone/callerid/receiver/DisturbNotifitcationReceiver;,onReceive,(Landroid/content/Context; Landroid/content/Intent;)V
Lcom/allinone/callerid/receiver/KeepReceiver;,onReceive,(Landroid/content/Context; Landroid/content/Intent;)V
Lcom/allinone/callerid/receiver/LocalBroadcastReceiver;,onReceive,(Landroid/content/Context; Landroid/content/Intent;)V
Lcom/allinone/callerid/receiver/MyReceiver;,onReceive,(Landroid/content/Context; Landroid/content/Intent;)V
Lcom/allinone/callerid/receiver/NetworkConnectChangedReceiver;,onReceive,(Landroid/content/Context; Landroid/content/Intent;)V
Lcom/allinone/callerid/receiver/PhoneStateReceiver;,onReceive,(Landroid/content/Context; Landroid/content/Intent;)V
Lcom/allinone/callerid/receiver/UserPresentReceiver;,onReceive,(Landroid/content/Context; Landroid/content/Intent;)V
Lcom/allinone/callerid/service/NLService$a;,onReceive,(Landroid/content/Context; Landroid/content/Intent;)V
Lcom/allinone/callerid/util/w$a;,onReceive,(Landroid/content/Context; Landroid/content/Intent;)V
