Lcom/callerid/block/fragment/EZCallLogFragment$p;,onReceive,(Landroid/content/Context; Landroid/content/Intent;)V
Lcom/callerid/block/fragment/EZInterceptFragment$p;,onReceive,(Landroid/content/Context; Landroid/content/Intent;)V
Lcom/callerid/block/fragment/a$k;,onReceive,(Landroid/content/Context; Landroid/content/Intent;)V
Lcom/callerid/block/fragment/b$i;,onReceive,(Landroid/content/Context; Landroid/content/Intent;)V
Lcom/callerid/block/fragment/b$j;,onReceive,(Landroid/content/Context; Landroid/content/Intent;)V
Lcom/callerid/block/live/SinglePixelActivity$a;,onReceive,(Landroid/content/Context; Landroid/content/Intent;)V
Lcom/callerid/block/main/MainActivity$q;,onReceive,(Landroid/content/Context; Landroid/content/Intent;)V
Lcom/callerid/block/main/MainActivity$r;,onReceive,(Landroid/content/Context; Landroid/content/Intent;)V
Lcom/callerid/block/mvc/controller/ContactActivity$j;,onReceive,(Landroid/content/Context; Landroid/content/Intent;)V
Lcom/callerid/block/mvc/controller/UnknownContactActivity$k;,onReceive,(Landroid/content/Context; Landroid/content/Intent;)V
Lcom/callerid/block/receiver/BootBroadcastReceiver;,onReceive,(Landroid/content/Context; Landroid/content/Intent;)V
Lcom/callerid/block/receiver/NetworkConnectChangedReceiver;,onReceive,(Landroid/content/Context; Landroid/content/Intent;)V
Lcom/callerid/block/receiver/PhoneStateReceiver;,onReceive,(Landroid/content/Context; Landroid/content/Intent;)V
Lcom/callerid/block/receiver/ScreenReceiver;,onReceive,(Landroid/content/Context; Landroid/content/Intent;)V
Lcom/callerid/block/service/NLService$b;,onReceive,(Landroid/content/Context; Landroid/content/Intent;)V
Lcom/callerid/block/sms/MessageBoxListActivity$SMSReceiver;,onReceive,(Landroid/content/Context; Landroid/content/Intent;)V
Lcom/callerid/block/sms/MessageBoxListActivity$z;,onReceive,(Landroid/content/Context; Landroid/content/Intent;)V
Lcom/callerid/block/sms/SmsReceiver;,onReceive,(Landroid/content/Context; Landroid/content/Intent;)V
Lcom/callerid/block/util/s$a;,onReceive,(Landroid/content/Context; Landroid/content/Intent;)V
Lcom/callerid/block/sms/MmsReceiver;,onReceive,(Landroid/content/Context; Landroid/content/Intent;)V
