Lorg/mistergroup/shouldianswer/receivers/BootCompleteReceiver;,onReceive,(Landroid/content/Context; Landroid/content/Intent;)V
Lorg/mistergroup/shouldianswer/receivers/InstallReferrerReceiver;,onReceive,(Landroid/content/Context; Landroid/content/Intent;)V
Lorg/mistergroup/shouldianswer/receivers/MissedCallNotificationReceiver;,onReceive,(Landroid/content/Context; Landroid/content/Intent;)V
Lorg/mistergroup/shouldianswer/receivers/OutgoingCallReceiver;,onReceive,(Landroid/content/Context; Landroid/content/Intent;)V
Lorg/mistergroup/shouldianswer/receivers/PackageUpdateReceiver;,onReceive,(Landroid/content/Context; Landroid/content/Intent;)V
Lorg/mistergroup/shouldianswer/receivers/PhoneStateReceiver;,onReceive,(Landroid/content/Context; Landroid/content/Intent;)V
Lorg/mistergroup/shouldianswer/receivers/VoicemailNotificationReceiver;,onReceive,(Landroid/content/Context; Landroid/content/Intent;)V
Lorg/mistergroup/shouldianswer/services/MonitoringService$c;,onCallStateChanged,(I Ljava/lang/String;)V
Lorg/mistergroup/shouldianswer/services/MyCallScreeningService;,onScreenCall,(Landroid/telecom/Call$Details;)V
Lorg/mistergroup/shouldianswer/services/OnCallService$d;,onCallStateChanged,(I Ljava/lang/String;)V
Lorg/mistergroup/shouldianswer/services/incall/MyInCallService;,onCallAdded,(Landroid/telecom/Call;)V
Lorg/mistergroup/shouldianswer/services/incall/MyInCallService;,onConnectionEvent,(Landroid/telecom/Call; Ljava/lang/String; Landroid/os/Bundle;)V
Lorg/mistergroup/shouldianswer/services/incall/a;,onStateChanged,(Landroid/telecom/Call; I)V
Lorg/mistergroup/shouldianswer/services/incall/b;,onReceive,(Landroid/content/Context; Landroid/content/Intent;)V
